"filename", "language", "Java", "Markdown", "comment", "blank", "total"
"c:\Users\marce\OneDrive\Documents\Cours\ProjetInfo\projet-informatique-mardi-i\README.md", "Markdown", 0, 59, 0, 35, 94
"c:\Users\marce\OneDrive\Documents\Cours\ProjetInfo\projet-informatique-mardi-i\src\controller\DialogManager.java", "Java", 115, 0, 46, 12, 173
"c:\Users\marce\OneDrive\Documents\Cours\ProjetInfo\projet-informatique-mardi-i\src\controller\GameController.java", "Java", 405, 0, 58, 41, 504
"c:\Users\marce\OneDrive\Documents\Cours\ProjetInfo\projet-informatique-mardi-i\src\controller\MainMenuController.java", "Java", 84, 0, 34, 17, 135
"c:\Users\marce\OneDrive\Documents\Cours\ProjetInfo\projet-informatique-mardi-i\src\controller\MapController.java", "Java", 96, 0, 73, 18, 187
"c:\Users\marce\OneDrive\Documents\Cours\ProjetInfo\projet-informatique-mardi-i\src\controller\SettingsController.java", "Java", 61, 0, 0, 15, 76
"c:\Users\marce\OneDrive\Documents\Cours\ProjetInfo\projet-informatique-mardi-i\src\model\Attack.java", "Java", 87, 0, 49, 10, 146
"c:\Users\marce\OneDrive\Documents\Cours\ProjetInfo\projet-informatique-mardi-i\src\model\AutomatedPlayer.java", "Java", 287, 0, 143, 36, 466
"c:\Users\marce\OneDrive\Documents\Cours\ProjetInfo\projet-informatique-mardi-i\src\model\Chunk.java", "Java", 54, 0, 40, 25, 119
"c:\Users\marce\OneDrive\Documents\Cours\ProjetInfo\projet-informatique-mardi-i\src\model\Dungeon.java", "Java", 418, 0, 66, 55, 539
"c:\Users\marce\OneDrive\Documents\Cours\ProjetInfo\projet-informatique-mardi-i\src\model\GameModel.java", "Java", 119, 0, 119, 26, 264
"c:\Users\marce\OneDrive\Documents\Cours\ProjetInfo\projet-informatique-mardi-i\src\model\MainMenuModel.java", "Java", 23, 0, 28, 9, 60
"c:\Users\marce\OneDrive\Documents\Cours\ProjetInfo\projet-informatique-mardi-i\src\model\MapModel.java", "Java", 277, 0, 141, 40, 458
"c:\Users\marce\OneDrive\Documents\Cours\ProjetInfo\projet-informatique-mardi-i\src\model\PlayerModel.java", "Java", 80, 0, 118, 26, 224
"c:\Users\marce\OneDrive\Documents\Cours\ProjetInfo\projet-informatique-mardi-i\src\model\Settings.java", "Java", 78, 0, 2, 22, 102
"c:\Users\marce\OneDrive\Documents\Cours\ProjetInfo\projet-informatique-mardi-i\src\model\Surface.java", "Java", 220, 0, 151, 34, 405
"c:\Users\marce\OneDrive\Documents\Cours\ProjetInfo\projet-informatique-mardi-i\src\model\TileModel.java", "Java", 111, 0, 116, 23, 250
"c:\Users\marce\OneDrive\Documents\Cours\ProjetInfo\projet-informatique-mardi-i\src\model\Troop.java", "Java", 186, 0, 106, 39, 331
"c:\Users\marce\OneDrive\Documents\Cours\ProjetInfo\projet-informatique-mardi-i\src\test\DialoguTest.java", "Java", 26, 0, 0, 6, 32
"c:\Users\marce\OneDrive\Documents\Cours\ProjetInfo\projet-informatique-mardi-i\src\test\HexCellTest.java", "Java", 177, 0, 7, 38, 222
"c:\Users\marce\OneDrive\Documents\Cours\ProjetInfo\projet-informatique-mardi-i\src\test\MapViewTest.java", "Java", 7, 0, 0, 3, 10
"c:\Users\marce\OneDrive\Documents\Cours\ProjetInfo\projet-informatique-mardi-i\src\test\PathFinderTest.java", "Java", 33, 0, 0, 4, 37
"c:\Users\marce\OneDrive\Documents\Cours\ProjetInfo\projet-informatique-mardi-i\src\test\TimelineTest.java", "Java", 14, 0, 0, 8, 22
"c:\Users\marce\OneDrive\Documents\Cours\ProjetInfo\projet-informatique-mardi-i\src\util\HexCell.java", "Java", 87, 0, 73, 26, 186
"c:\Users\marce\OneDrive\Documents\Cours\ProjetInfo\projet-informatique-mardi-i\src\util\Music.java", "Java", 74, 0, 31, 14, 119
"c:\Users\marce\OneDrive\Documents\Cours\ProjetInfo\projet-informatique-mardi-i\src\util\Node.java", "Java", 95, 0, 103, 26, 224
"c:\Users\marce\OneDrive\Documents\Cours\ProjetInfo\projet-informatique-mardi-i\src\util\OverlayPanel.java", "Java", 48, 0, 33, 15, 96
"c:\Users\marce\OneDrive\Documents\Cours\ProjetInfo\projet-informatique-mardi-i\src\util\Pair.java", "Java", 36, 0, 69, 10, 115
"c:\Users\marce\OneDrive\Documents\Cours\ProjetInfo\projet-informatique-mardi-i\src\util\Pathfinder.java", "Java", 172, 0, 7, 23, 202
"c:\Users\marce\OneDrive\Documents\Cours\ProjetInfo\projet-informatique-mardi-i\src\util\RandomTaskManager.java", "Java", 55, 0, 72, 14, 141
"c:\Users\marce\OneDrive\Documents\Cours\ProjetInfo\projet-informatique-mardi-i\src\util\Saveable.java", "Java", 59, 0, 30, 15, 104
"c:\Users\marce\OneDrive\Documents\Cours\ProjetInfo\projet-informatique-mardi-i\src\util\Task.java", "Java", 28, 0, 46, 9, 83
"c:\Users\marce\OneDrive\Documents\Cours\ProjetInfo\projet-informatique-mardi-i\src\util\Timeline.java", "Java", 38, 0, 8, 6, 52
"c:\Users\marce\OneDrive\Documents\Cours\ProjetInfo\projet-informatique-mardi-i\src\view\DialogView.java", "Java", 148, 0, 72, 28, 248
"c:\Users\marce\OneDrive\Documents\Cours\ProjetInfo\projet-informatique-mardi-i\src\view\GUI.java", "Java", 171, 0, 47, 42, 260
"c:\Users\marce\OneDrive\Documents\Cours\ProjetInfo\projet-informatique-mardi-i\src\view\GameView.java", "Java", 280, 0, 6, 65, 351
"c:\Users\marce\OneDrive\Documents\Cours\ProjetInfo\projet-informatique-mardi-i\src\view\MainMenuView.java", "Java", 27, 0, 2, 12, 41
"c:\Users\marce\OneDrive\Documents\Cours\ProjetInfo\projet-informatique-mardi-i\src\view\MapView.java", "Java", 298, 0, 57, 53, 408
"c:\Users\marce\OneDrive\Documents\Cours\ProjetInfo\projet-informatique-mardi-i\src\view\SettingsView.java", "Java", 156, 0, 6, 29, 191
"Total", "-", 4730, 59, 1959, 929, 7677