"filename", "language", "Java", "comment", "blank", "total"
"c:\Users\marce\OneDrive\Documents\Cours\ProjetInfo\projet-informatique-mardi-i\src\controller\DialogManager.java", "Java", 0, 46, -1, 45
"c:\Users\marce\OneDrive\Documents\Cours\ProjetInfo\projet-informatique-mardi-i\src\controller\GameController.java", "Java", 84, 46, -1, 129
"c:\Users\marce\OneDrive\Documents\Cours\ProjetInfo\projet-informatique-mardi-i\src\controller\MainMenuController.java", "Java", 16, 30, -1, 45
"c:\Users\marce\OneDrive\Documents\Cours\ProjetInfo\projet-informatique-mardi-i\src\controller\MapController.java", "Java", 25, 72, 0, 97
"c:\Users\marce\OneDrive\Documents\Cours\ProjetInfo\projet-informatique-mardi-i\src\model\Attack.java", "Java", 10, 49, -4, 55
"c:\Users\marce\OneDrive\Documents\Cours\ProjetInfo\projet-informatique-mardi-i\src\model\AutomatedPlayer.java", "Java", 287, 143, 36, 466
"c:\Users\marce\OneDrive\Documents\Cours\ProjetInfo\projet-informatique-mardi-i\src\model\Chunk.java", "Java", 54, 40, 25, 119
"c:\Users\marce\OneDrive\Documents\Cours\ProjetInfo\projet-informatique-mardi-i\src\model\Dungeon.java", "Java", 418, 66, 55, 539
"c:\Users\marce\OneDrive\Documents\Cours\ProjetInfo\projet-informatique-mardi-i\src\model\GameModel.java", "Java", 49, 87, 3, 139
"c:\Users\marce\OneDrive\Documents\Cours\ProjetInfo\projet-informatique-mardi-i\src\model\MainMenuModel.java", "Java", 0, 28, 0, 28
"c:\Users\marce\OneDrive\Documents\Cours\ProjetInfo\projet-informatique-mardi-i\src\model\MapModel.java", "Java", -100, -7, -32, -139
"c:\Users\marce\OneDrive\Documents\Cours\ProjetInfo\projet-informatique-mardi-i\src\model\PlayerModel.java", "Java", 48, 116, 14, 178
"c:\Users\marce\OneDrive\Documents\Cours\ProjetInfo\projet-informatique-mardi-i\src\model\Surface.java", "Java", 220, 151, 34, 405
"c:\Users\marce\OneDrive\Documents\Cours\ProjetInfo\projet-informatique-mardi-i\src\model\TileModel.java", "Java", 42, 1, 4, 47
"c:\Users\marce\OneDrive\Documents\Cours\ProjetInfo\projet-informatique-mardi-i\src\model\Troop.java", "Java", 78, 1, 12, 91
"c:\Users\marce\OneDrive\Documents\Cours\ProjetInfo\projet-informatique-mardi-i\src\util\Music.java", "Java", 1, 0, 0, 1
"c:\Users\marce\OneDrive\Documents\Cours\ProjetInfo\projet-informatique-mardi-i\src\util\Node.java", "Java", 107, 11, 22, 140
"c:\Users\marce\OneDrive\Documents\Cours\ProjetInfo\projet-informatique-mardi-i\src\util\OverlayPanel.java", "Java", 1, 0, 0, 1
"c:\Users\marce\OneDrive\Documents\Cours\ProjetInfo\projet-informatique-mardi-i\src\util\Pair.java", "Java", 3, 0, 0, 3
"c:\Users\marce\OneDrive\Documents\Cours\ProjetInfo\projet-informatique-mardi-i\src\util\Pathfinder.java", "Java", 2, 0, 1, 3
"c:\Users\marce\OneDrive\Documents\Cours\ProjetInfo\projet-informatique-mardi-i\src\util\RandomTaskManager.java", "Java", 55, 0, 12, 67
"c:\Users\marce\OneDrive\Documents\Cours\ProjetInfo\projet-informatique-mardi-i\src\util\Saveable.java", "Java", 59, 30, 15, 104
"c:\Users\marce\OneDrive\Documents\Cours\ProjetInfo\projet-informatique-mardi-i\src\view\DialogView.java", "Java", 8, 1, 4, 13
"c:\Users\marce\OneDrive\Documents\Cours\ProjetInfo\projet-informatique-mardi-i\src\view\GUI.java", "Java", 37, 17, 4, 58
"c:\Users\marce\OneDrive\Documents\Cours\ProjetInfo\projet-informatique-mardi-i\src\view\GameView.java", "Java", 67, 0, 9, 76
"c:\Users\marce\OneDrive\Documents\Cours\ProjetInfo\projet-informatique-mardi-i\src\view\MainMenuView.java", "Java", 0, 0, 2, 2
"c:\Users\marce\OneDrive\Documents\Cours\ProjetInfo\projet-informatique-mardi-i\src\view\MapView.java", "Java", 53, 6, 15, 74
"Total", "-", 1624, 934, 228, 2786